p01,p01_geocnn_r01,0.98,1.21
p01,p01_geocnn_r02,0.99,1.23
p01,p01_geocnn_r03,0.31,1.19
p01,p01_geocnn_r04,0.31,1.19
p01,p01_gpcc-octree-predlift_r02,0.72,1.20
p01,p01_gpcc-octree-predlift_r03,0.41,1.20
p01,p01_gpcc-octree-predlift_r04,0.31,1.20
p01,p01_gpcc-octree-predlift_r05,0.19,1.20
p01,p01_gpcc-octree-predlift_r06,0.18,1.21
p01,p01_gpcc-octree-raht_r02,0.84,1.21
p01,p01_gpcc-octree-raht_r03,0.47,1.20
p01,p01_gpcc-octree-raht_r04,0.29,1.20
p01,p01_gpcc-octree-raht_r05,0.10,1.21
p01,p01_gpcc-octree-raht_r06,0.11,1.22
p01,p01_vpcc_r00,0.72,1.20
p01,p01_vpcc_r01,0.55,1.20
p01,p01_vpcc_r02,0.49,1.20
p01,p01_vpcc_r03,0.47,1.20
p01,p01_vpcc_r04,0.40,1.20
p01,p01_vpcc_r05,0.26,1.21
p02,p02_geocnn_r01,0.76,1.19
p02,p02_geocnn_r02,0.45,1.21
p02,p02_geocnn_r03,0.43,1.20
p02,p02_geocnn_r04,0.40,1.20
p02,p02_gpcc-octree-predlift_r02,0.91,1.22
p02,p02_gpcc-octree-predlift_r03,0.66,1.20
p02,p02_gpcc-octree-predlift_r04,0.26,1.21
p02,p02_gpcc-octree-predlift_r05,0.19,1.21
p02,p02_gpcc-octree-predlift_r06,0.13,1.22
p02,p02_gpcc-octree-raht_r02,0.95,1.21
p02,p02_gpcc-octree-raht_r03,0.75,1.21
p02,p02_gpcc-octree-raht_r04,0.38,1.21
p02,p02_gpcc-octree-raht_r05,0.23,1.21
p02,p02_gpcc-octree-raht_r06,0.17,1.22
p02,p02_vpcc_r00,0.85,1.21
p02,p02_vpcc_r01,0.71,1.21
p02,p02_vpcc_r02,0.48,1.21
p02,p02_vpcc_r03,0.38,1.21
p02,p02_vpcc_r04,0.38,1.21
p02,p02_vpcc_r05,0.26,1.21
p03,p03_geocnn_r01,0.63,1.19
p03,p03_geocnn_r02,0.50,1.20
p03,p03_geocnn_r03,0.34,1.21
p03,p03_geocnn_r04,0.41,1.20
p03,p03_gpcc-octree-predlift_r02,0.89,1.21
p03,p03_gpcc-octree-predlift_r03,0.48,1.20
p03,p03_gpcc-octree-predlift_r04,0.23,1.21
p03,p03_gpcc-octree-predlift_r05,0.25,1.21
p03,p03_gpcc-octree-predlift_r06,0.17,1.21
p03,p03_gpcc-octree-raht_r02,0.88,1.22
p03,p03_gpcc-octree-raht_r03,0.52,1.20
p03,p03_gpcc-octree-raht_r04,0.29,1.22
p03,p03_gpcc-octree-raht_r05,0.18,1.20
p03,p03_gpcc-octree-raht_r06,0.12,1.22
p03,p03_vpcc_r00,0.72,1.21
p03,p03_vpcc_r01,0.51,1.21
p03,p03_vpcc_r02,0.51,1.20
p03,p03_vpcc_r03,0.36,1.21
p03,p03_vpcc_r04,0.36,1.21
p03,p03_vpcc_r05,0.30,1.21
p04,p04_geocnn_r01,0.19,1.21
p04,p04_geocnn_r02,0.18,1.20
p04,p04_geocnn_r03,0.11,1.22
p04,p04_geocnn_r04,0.20,1.21
p04,p04_gpcc-octree-predlift_r02,0.84,1.20
p04,p04_gpcc-octree-predlift_r03,0.36,1.21
p04,p04_gpcc-octree-predlift_r04,0.26,1.21
p04,p04_gpcc-octree-predlift_r05,0.13,1.22
p04,p04_gpcc-octree-predlift_r06,0.10,1.21
p04,p04_gpcc-octree-raht_r02,0.94,1.22
p04,p04_gpcc-octree-raht_r03,0.45,1.20
p04,p04_gpcc-octree-raht_r04,0.22,1.21
p04,p04_gpcc-octree-raht_r05,0.11,1.22
p04,p04_gpcc-octree-raht_r06,0.14,1.21
p04,p04_vpcc_r00,0.80,1.20
p04,p04_vpcc_r01,0.61,1.20
p04,p04_vpcc_r02,0.30,1.21
p04,p04_vpcc_r03,0.19,1.21
p04,p04_vpcc_r04,0.09,1.22
p04,p04_vpcc_r05,0.06,1.22
p05,p05_geocnn_r01,0.79,1.21
p05,p05_geocnn_r02,0.58,1.20
p05,p05_geocnn_r03,0.43,1.20
p05,p05_geocnn_r04,0.50,1.20
p05,p05_gpcc-octree-predlift_r02,0.88,1.21
p05,p05_gpcc-octree-predlift_r03,0.52,1.21
p05,p05_gpcc-octree-predlift_r04,0.37,1.21
p05,p05_gpcc-octree-predlift_r05,0.26,1.21
p05,p05_gpcc-octree-predlift_r06,0.20,1.21
p05,p05_gpcc-octree-raht_r02,0.92,1.21
p05,p05_gpcc-octree-raht_r03,0.62,1.21
p05,p05_gpcc-octree-raht_r04,0.42,1.21
p05,p05_gpcc-octree-raht_r05,0.26,1.21
p05,p05_gpcc-octree-raht_r06,0.19,1.21
p05,p05_vpcc_r00,0.76,1.20
p05,p05_vpcc_r01,0.59,1.21
p05,p05_vpcc_r02,0.52,1.21
p05,p05_vpcc_r03,0.41,1.21
p05,p05_vpcc_r04,0.40,1.21
p05,p05_vpcc_r05,0.32,1.21
p06,p06_geocnn_r01,0.65,1.20
p06,p06_geocnn_r02,0.28,1.20
p06,p06_geocnn_r03,0.23,1.21
p06,p06_geocnn_r04,0.16,1.22
p06,p06_gpcc-octree-predlift_r02,0.82,1.19
p06,p06_gpcc-octree-predlift_r03,0.54,1.20
p06,p06_gpcc-octree-predlift_r04,0.32,1.21
p06,p06_gpcc-octree-predlift_r05,0.19,1.22
p06,p06_gpcc-octree-predlift_r06,0.13,1.22
p06,p06_gpcc-octree-raht_r02,0.81,1.20
p06,p06_gpcc-octree-raht_r03,0.64,1.20
p06,p06_gpcc-octree-raht_r04,0.41,1.21
p06,p06_gpcc-octree-raht_r05,0.27,1.21
p06,p06_gpcc-octree-raht_r06,0.18,1.21
p06,p06_vpcc_r00,0.66,1.21
p06,p06_vpcc_r01,0.56,1.20
p06,p06_vpcc_r02,0.48,1.21
p06,p06_vpcc_r03,0.45,1.21
p06,p06_vpcc_r04,0.34,1.21
p06,p06_vpcc_r05,0.25,1.22
p07,p07_geocnn_r01,0.58,1.20
p07,p07_geocnn_r02,0.44,1.21
p07,p07_geocnn_r03,0.22,1.21
p07,p07_geocnn_r04,0.23,1.21
p07,p07_gpcc-octree-predlift_r02,0.90,1.21
p07,p07_gpcc-octree-predlift_r03,0.58,1.20
p07,p07_gpcc-octree-predlift_r04,0.32,1.21
p07,p07_gpcc-octree-predlift_r05,0.19,1.22
p07,p07_gpcc-octree-predlift_r06,0.10,1.22
p07,p07_gpcc-octree-raht_r02,0.94,1.21
p07,p07_gpcc-octree-raht_r03,0.67,1.20
p07,p07_gpcc-octree-raht_r04,0.45,1.21
p07,p07_gpcc-octree-raht_r05,0.17,1.22
p07,p07_gpcc-octree-raht_r06,0.13,1.22
p07,p07_vpcc_r00,0.83,1.21
p07,p07_vpcc_r01,0.74,1.20
p07,p07_vpcc_r02,0.56,1.21
p07,p07_vpcc_r03,0.55,1.20
p07,p07_vpcc_r04,0.39,1.22
p07,p07_vpcc_r05,0.31,1.21
p08,p08_geocnn_r01,0.64,1.20
p08,p08_geocnn_r02,0.32,1.21
p08,p08_geocnn_r03,0.22,1.19
p08,p08_geocnn_r04,0.22,1.21
p08,p08_gpcc-octree-predlift_r02,0.85,1.21
p08,p08_gpcc-octree-predlift_r03,0.51,1.20
p08,p08_gpcc-octree-predlift_r04,0.32,1.20
p08,p08_gpcc-octree-predlift_r05,0.17,1.20
p08,p08_gpcc-octree-predlift_r06,0.15,1.22
p08,p08_gpcc-octree-raht_r02,0.93,1.21
p08,p08_gpcc-octree-raht_r03,0.60,1.21
p08,p08_gpcc-octree-raht_r04,0.44,1.20
p08,p08_gpcc-octree-raht_r05,0.22,1.21
p08,p08_gpcc-octree-raht_r06,0.14,1.20
p08,p08_vpcc_r00,0.80,1.20
p08,p08_vpcc_r01,0.60,1.20
p08,p08_vpcc_r02,0.46,1.20
p08,p08_vpcc_r03,0.39,1.20
p08,p08_vpcc_r04,0.41,1.21
p08,p08_vpcc_r05,0.29,1.21
p09,p09_geocnn_r01,0.74,1.21
p09,p09_geocnn_r02,0.41,1.20
p09,p09_geocnn_r03,0.25,1.21
p09,p09_geocnn_r04,0.39,1.21
p09,p09_gpcc-octree-predlift_r02,0.90,1.21
p09,p09_gpcc-octree-predlift_r03,0.64,1.20
p09,p09_gpcc-octree-predlift_r04,0.28,1.21
p09,p09_gpcc-octree-predlift_r05,0.15,1.21
p09,p09_gpcc-octree-predlift_r06,0.14,1.22
p09,p09_gpcc-octree-raht_r02,0.96,1.21
p09,p09_gpcc-octree-raht_r03,0.69,1.21
p09,p09_gpcc-octree-raht_r04,0.31,1.21
p09,p09_gpcc-octree-raht_r05,0.16,1.22
p09,p09_gpcc-octree-raht_r06,0.10,1.22
p09,p09_vpcc_r00,0.84,1.21
p09,p09_vpcc_r01,0.68,1.21
p09,p09_vpcc_r02,0.62,1.21
p09,p09_vpcc_r03,0.56,1.20
p09,p09_vpcc_r04,0.37,1.21
p09,p09_vpcc_r05,0.41,1.21
p10,p10_geocnn_r01,0.56,1.20
p10,p10_geocnn_r02,0.33,1.20
p10,p10_geocnn_r03,0.26,1.20
p10,p10_geocnn_r04,0.25,1.21
p10,p10_gpcc-octree-predlift_r02,0.83,1.22
p10,p10_gpcc-octree-predlift_r03,0.43,1.21
p10,p10_gpcc-octree-predlift_r04,0.23,1.21
p10,p10_gpcc-octree-predlift_r05,0.14,1.21
p10,p10_gpcc-octree-predlift_r06,0.13,1.22
p10,p10_gpcc-octree-raht_r02,0.83,1.20
p10,p10_gpcc-octree-raht_r03,0.58,1.20
p10,p10_gpcc-octree-raht_r04,0.26,1.20
p10,p10_gpcc-octree-raht_r05,0.18,1.21
p10,p10_gpcc-octree-raht_r06,0.13,1.22
p10,p10_vpcc_r00,0.71,1.20
p10,p10_vpcc_r01,0.58,1.20
p10,p10_vpcc_r02,0.51,1.21
p10,p10_vpcc_r03,0.42,1.20
p10,p10_vpcc_r04,0.27,1.21
p10,p10_vpcc_r05,0.34,1.21
p11,p11_geocnn_r01,0.28,1.21
p11,p11_geocnn_r02,0.12,1.22
p11,p11_geocnn_r03,0.12,1.22
p11,p11_geocnn_r04,0.11,1.22
p11,p11_gpcc-octree-predlift_r02,0.98,1.22
p11,p11_gpcc-octree-predlift_r03,0.61,1.21
p11,p11_gpcc-octree-predlift_r04,0.29,1.21
p11,p11_gpcc-octree-predlift_r05,0.16,1.22
p11,p11_gpcc-octree-predlift_r06,0.09,1.22
p11,p11_gpcc-octree-raht_r02,1.00,1.20
p11,p11_gpcc-octree-raht_r03,0.67,1.21
p11,p11_gpcc-octree-raht_r04,0.38,1.22
p11,p11_gpcc-octree-raht_r05,0.22,1.21
p11,p11_gpcc-octree-raht_r06,0.09,1.23
p11,p11_vpcc_r00,0.91,1.21
p11,p11_vpcc_r01,0.66,1.21
p11,p11_vpcc_r02,0.50,1.21
p11,p11_vpcc_r03,0.26,1.22
p11,p11_vpcc_r04,0.12,1.22
p11,p11_vpcc_r05,0.06,1.23
p12,p12_geocnn_r01,0.25,1.21
p12,p12_geocnn_r02,0.12,1.22
p12,p12_geocnn_r03,0.08,1.23
p12,p12_geocnn_r04,0.10,1.22
p12,p12_gpcc-octree-predlift_r02,0.97,1.20
p12,p12_gpcc-octree-predlift_r03,0.60,1.21
p12,p12_gpcc-octree-predlift_r04,0.16,1.22
p12,p12_gpcc-octree-predlift_r05,0.16,1.22
p12,p12_gpcc-octree-predlift_r06,0.11,1.22
p12,p12_gpcc-octree-raht_r02,0.98,1.22
p12,p12_gpcc-octree-raht_r03,0.65,1.21
p12,p12_gpcc-octree-raht_r04,0.21,1.22
p12,p12_gpcc-octree-raht_r05,0.17,1.21
p12,p12_gpcc-octree-raht_r06,0.09,1.22
p12,p12_vpcc_r00,0.87,1.21
p12,p12_vpcc_r01,0.62,1.21
p12,p12_vpcc_r02,0.34,1.21
p12,p12_vpcc_r03,0.20,1.21
p12,p12_vpcc_r04,0.08,1.22
p12,p12_vpcc_r05,0.11,1.22
p13,p13_geocnn_r01,0.15,1.21
p13,p13_geocnn_r02,0.06,1.23
p13,p13_geocnn_r03,0.12,1.21
p13,p13_geocnn_r04,0.06,1.22
p13,p13_gpcc-octree-predlift_r02,0.96,1.22
p13,p13_gpcc-octree-predlift_r03,0.55,1.22
p13,p13_gpcc-octree-predlift_r04,0.22,1.21
p13,p13_gpcc-octree-predlift_r05,0.15,1.21
p13,p13_gpcc-octree-predlift_r06,0.07,1.22
p13,p13_gpcc-octree-raht_r02,0.95,1.21
p13,p13_gpcc-octree-raht_r03,0.74,1.21
p13,p13_gpcc-octree-raht_r04,0.32,1.21
p13,p13_gpcc-octree-raht_r05,0.17,1.21
p13,p13_gpcc-octree-raht_r06,0.08,1.22
p13,p13_vpcc_r00,0.73,1.21
p13,p13_vpcc_r01,0.58,1.21
p13,p13_vpcc_r02,0.35,1.20
p13,p13_vpcc_r03,0.21,1.20
p13,p13_vpcc_r04,0.10,1.22
p13,p13_vpcc_r05,0.07,1.23
p14,p14_geocnn_r01,0.25,1.21
p14,p14_geocnn_r02,0.17,1.22
p14,p14_geocnn_r03,0.17,1.22
p14,p14_geocnn_r04,0.07,1.22
p14,p14_gpcc-octree-predlift_r02,0.85,1.21
p14,p14_gpcc-octree-predlift_r03,0.57,1.21
p14,p14_gpcc-octree-predlift_r04,0.18,1.21
p14,p14_gpcc-octree-predlift_r05,0.14,1.22
p14,p14_gpcc-octree-predlift_r06,0.07,1.23
p14,p14_gpcc-octree-raht_r02,0.98,1.22
p14,p14_gpcc-octree-raht_r03,0.69,1.21
p14,p14_gpcc-octree-raht_r04,0.24,1.21
p14,p14_gpcc-octree-raht_r05,0.14,1.22
p14,p14_gpcc-octree-raht_r06,0.09,1.22
p14,p14_vpcc_r00,0.77,1.21
p14,p14_vpcc_r01,0.52,1.21
p14,p14_vpcc_r02,0.23,1.21
p14,p14_vpcc_r03,0.13,1.22
p14,p14_vpcc_r04,0.10,1.22
p14,p14_vpcc_r05,0.08,1.22
p15,p15_geocnn_r01,0.30,1.21
p15,p15_geocnn_r02,0.19,1.21
p15,p15_geocnn_r03,0.15,1.22
p15,p15_geocnn_r04,0.06,1.22
p15,p15_gpcc-octree-predlift_r02,0.96,1.22
p15,p15_gpcc-octree-predlift_r03,0.58,1.21
p15,p15_gpcc-octree-predlift_r04,0.31,1.22
p15,p15_gpcc-octree-predlift_r05,0.21,1.22
p15,p15_gpcc-octree-predlift_r06,0.16,1.22
p15,p15_gpcc-octree-raht_r02,0.98,1.23
p15,p15_gpcc-octree-raht_r03,0.75,1.21
p15,p15_gpcc-octree-raht_r04,0.30,1.21
p15,p15_gpcc-octree-raht_r05,0.19,1.22
p15,p15_gpcc-octree-raht_r06,0.16,1.21
p15,p15_vpcc_r00,0.83,1.21
p15,p15_vpcc_r01,0.62,1.21
p15,p15_vpcc_r02,0.41,1.21
p15,p15_vpcc_r03,0.27,1.22
p15,p15_vpcc_r04,0.12,1.22
p15,p15_vpcc_r05,0.12,1.22
p16,p16_geocnn_r01,0.36,1.20
p16,p16_geocnn_r02,0.20,1.21
p16,p16_geocnn_r03,0.12,1.22
p16,p16_geocnn_r04,0.06,1.23
p16,p16_gpcc-octree-predlift_r02,0.93,1.22
p16,p16_gpcc-octree-predlift_r03,0.64,1.21
p16,p16_gpcc-octree-predlift_r04,0.33,1.21
p16,p16_gpcc-octree-predlift_r05,0.16,1.22
p16,p16_gpcc-octree-predlift_r06,0.14,1.21
p16,p16_gpcc-octree-raht_r02,0.95,1.22
p16,p16_gpcc-octree-raht_r03,0.69,1.20
p16,p16_gpcc-octree-raht_r04,0.36,1.21
p16,p16_gpcc-octree-raht_r05,0.21,1.21
p16,p16_gpcc-octree-raht_r06,0.16,1.21
p16,p16_vpcc_r00,0.77,1.21
p16,p16_vpcc_r01,0.58,1.20
p16,p16_vpcc_r02,0.46,1.22
p16,p16_vpcc_r03,0.28,1.22
p16,p16_vpcc_r04,0.16,1.21
p16,p16_vpcc_r05,0.09,1.22
p17,p17_geocnn_r01,0.33,1.21
p17,p17_geocnn_r02,0.26,1.21
p17,p17_geocnn_r03,0.22,1.22
p17,p17_geocnn_r04,0.07,1.23
p17,p17_gpcc-octree-predlift_r02,0.95,1.22
p17,p17_gpcc-octree-predlift_r03,0.63,1.21
p17,p17_gpcc-octree-predlift_r04,0.32,1.21
p17,p17_gpcc-octree-predlift_r05,0.18,1.22
p17,p17_gpcc-octree-predlift_r06,0.11,1.22
p17,p17_gpcc-octree-raht_r02,0.99,1.23
p17,p17_gpcc-octree-raht_r03,0.75,1.21
p17,p17_gpcc-octree-raht_r04,0.44,1.21
p17,p17_gpcc-octree-raht_r05,0.20,1.21
p17,p17_gpcc-octree-raht_r06,0.12,1.22
p17,p17_vpcc_r00,0.91,1.21
p17,p17_vpcc_r01,0.69,1.21
p17,p17_vpcc_r02,0.48,1.20
p17,p17_vpcc_r03,0.33,1.22
p17,p17_vpcc_r04,0.19,1.21
p17,p17_vpcc_r05,0.10,1.22
p18,p18_geocnn_r01,0.29,1.21
p18,p18_geocnn_r02,0.26,1.21
p18,p18_geocnn_r03,0.12,1.23
p18,p18_geocnn_r04,0.13,1.22
p18,p18_gpcc-octree-predlift_r02,0.91,1.22
p18,p18_gpcc-octree-predlift_r03,0.45,1.21
p18,p18_gpcc-octree-predlift_r04,0.16,1.21
p18,p18_gpcc-octree-predlift_r05,0.14,1.22
p18,p18_gpcc-octree-predlift_r06,0.07,1.22
p18,p18_gpcc-octree-raht_r02,0.97,1.22
p18,p18_gpcc-octree-raht_r03,0.56,1.20
p18,p18_gpcc-octree-raht_r04,0.27,1.21
p18,p18_gpcc-octree-raht_r05,0.13,1.22
p18,p18_gpcc-octree-raht_r06,0.14,1.21
p18,p18_vpcc_r00,0.64,1.21
p18,p18_vpcc_r01,0.40,1.20
p18,p18_vpcc_r02,0.29,1.21
p18,p18_vpcc_r03,0.08,1.22
p18,p18_vpcc_r04,0.07,1.22
p18,p18_vpcc_r05,0.08,1.22
p19,p19_geocnn_r01,0.12,1.22
p19,p19_geocnn_r02,0.06,1.23
p19,p19_geocnn_r03,0.06,1.23
p19,p19_geocnn_r04,0.06,1.23
p19,p19_gpcc-octree-predlift_r02,0.86,1.21
p19,p19_gpcc-octree-predlift_r03,0.44,1.21
p19,p19_gpcc-octree-predlift_r04,0.07,1.23
p19,p19_gpcc-octree-predlift_r05,0.06,1.23
p19,p19_gpcc-octree-predlift_r06,0.06,1.22
p19,p19_gpcc-octree-raht_r02,0.89,1.21
p19,p19_gpcc-octree-raht_r03,0.54,1.21
p19,p19_gpcc-octree-raht_r04,0.15,1.21
p19,p19_gpcc-octree-raht_r05,0.08,1.22
p19,p19_gpcc-octree-raht_r06,0.04,1.23
p19,p19_vpcc_r00,0.81,1.21
p19,p19_vpcc_r01,0.63,1.20
p19,p19_vpcc_r02,0.28,1.21
p19,p19_vpcc_r03,0.12,1.22
p19,p19_vpcc_r04,0.04,1.23
p19,p19_vpcc_r05,0.06,1.23
p20,p20_geocnn_r01,0.30,1.21
p20,p20_geocnn_r02,0.18,1.22
p20,p20_geocnn_r03,0.14,1.22
p20,p20_geocnn_r04,0.12,1.21
p20,p20_gpcc-octree-predlift_r02,0.84,1.21
p20,p20_gpcc-octree-predlift_r03,0.62,1.21
p20,p20_gpcc-octree-predlift_r04,0.27,1.22
p20,p20_gpcc-octree-predlift_r05,0.12,1.22
p20,p20_gpcc-octree-predlift_r06,0.10,1.22
p20,p20_gpcc-octree-raht_r02,0.90,1.22
p20,p20_gpcc-octree-raht_r03,0.61,1.20
p20,p20_gpcc-octree-raht_r04,0.30,1.22
p20,p20_gpcc-octree-raht_r05,0.15,1.22
p20,p20_gpcc-octree-raht_r06,0.09,1.21
p20,p20_vpcc_r00,0.73,1.21
p20,p20_vpcc_r01,0.67,1.20
p20,p20_vpcc_r02,0.49,1.21
p20,p20_vpcc_r03,0.35,1.20
p20,p20_vpcc_r04,0.22,1.21
p20,p20_vpcc_r05,0.09,1.22
p21,p21_geocnn_r01,0.26,1.21
p21,p21_geocnn_r02,0.16,1.22
p21,p21_geocnn_r03,0.14,1.22
p21,p21_geocnn_r04,0.05,1.22
p21,p21_gpcc-octree-predlift_r02,0.81,1.21
p21,p21_gpcc-octree-predlift_r03,0.54,1.21
p21,p21_gpcc-octree-predlift_r04,0.18,1.22
p21,p21_gpcc-octree-predlift_r05,0.10,1.22
p21,p21_gpcc-octree-predlift_r06,0.06,1.22
p21,p21_gpcc-octree-raht_r02,0.83,1.21
p21,p21_gpcc-octree-raht_r03,0.49,1.21
p21,p21_gpcc-octree-raht_r04,0.26,1.21
p21,p21_gpcc-octree-raht_r05,0.11,1.22
p21,p21_gpcc-octree-raht_r06,0.07,1.23
p21,p21_vpcc_r00,0.66,1.21
p21,p21_vpcc_r01,0.51,1.21
p21,p21_vpcc_r02,0.36,1.21
p21,p21_vpcc_r03,0.19,1.21
p21,p21_vpcc_r04,0.07,1.23
p21,p21_vpcc_r05,0.05,1.23
p22,p22_geocnn_r01,0.29,1.21
p22,p22_geocnn_r02,0.10,1.22
p22,p22_geocnn_r03,0.07,1.22
p22,p22_geocnn_r04,0.05,1.23
p22,p22_gpcc-octree-predlift_r02,0.89,1.21
p22,p22_gpcc-octree-predlift_r03,0.48,1.21
p22,p22_gpcc-octree-predlift_r04,0.15,1.22
p22,p22_gpcc-octree-predlift_r05,0.10,1.21
p22,p22_gpcc-octree-predlift_r06,0.07,1.22
p22,p22_gpcc-octree-raht_r02,0.92,1.21
p22,p22_gpcc-octree-raht_r03,0.60,1.21
p22,p22_gpcc-octree-raht_r04,0.15,1.22
p22,p22_gpcc-octree-raht_r05,0.08,1.22
p22,p22_gpcc-octree-raht_r06,0.09,1.22
p22,p22_vpcc_r00,0.75,1.21
p22,p22_vpcc_r01,0.56,1.20
p22,p22_vpcc_r02,0.31,1.20
p22,p22_vpcc_r03,0.10,1.22
p22,p22_vpcc_r04,0.08,1.22
p22,p22_vpcc_r05,0.06,1.22
p23,p23_geocnn_r01,0.19,1.22
p23,p23_geocnn_r02,0.09,1.22
p23,p23_geocnn_r03,0.14,1.22
p23,p23_geocnn_r04,0.04,1.22
p23,p23_gpcc-octree-predlift_r02,0.71,1.20
p23,p23_gpcc-octree-predlift_r03,0.40,1.22
p23,p23_gpcc-octree-predlift_r04,0.09,1.22
p23,p23_gpcc-octree-predlift_r05,0.08,1.23
p23,p23_gpcc-octree-predlift_r06,0.09,1.21
p23,p23_gpcc-octree-raht_r02,0.83,1.21
p23,p23_gpcc-octree-raht_r03,0.46,1.21
p23,p23_gpcc-octree-raht_r04,0.12,1.22
p23,p23_gpcc-octree-raht_r05,0.08,1.22
p23,p23_gpcc-octree-raht_r06,0.06,1.22
p23,p23_vpcc_r00,0.65,1.21
p23,p23_vpcc_r01,0.42,1.21
p23,p23_vpcc_r02,0.26,1.21
p23,p23_vpcc_r03,0.16,1.22
p23,p23_vpcc_r04,0.06,1.23
p23,p23_vpcc_r05,0.12,1.22
p24,p24_geocnn_r01,0.19,1.22
p24,p24_geocnn_r02,0.10,1.22
p24,p24_geocnn_r03,0.10,1.22
p24,p24_geocnn_r04,0.09,1.22
p24,p24_gpcc-octree-predlift_r02,0.88,1.21
p24,p24_gpcc-octree-predlift_r03,0.52,1.21
p24,p24_gpcc-octree-predlift_r04,0.20,1.21
p24,p24_gpcc-octree-predlift_r05,0.11,1.22
p24,p24_gpcc-octree-predlift_r06,0.10,1.22
p24,p24_gpcc-octree-raht_r02,0.94,1.21
p24,p24_gpcc-octree-raht_r03,0.64,1.21
p24,p24_gpcc-octree-raht_r04,0.31,1.22
p24,p24_gpcc-octree-raht_r05,0.14,1.21
p24,p24_gpcc-octree-raht_r06,0.08,1.22
p24,p24_vpcc_r00,0.83,1.21
p24,p24_vpcc_r01,0.64,1.20
p24,p24_vpcc_r02,0.47,1.21
p24,p24_vpcc_r03,0.20,1.21
p24,p24_vpcc_r04,0.15,1.22
p24,p24_vpcc_r05,0.10,1.22
p25,p25_geocnn_r01,0.16,1.22
p25,p25_geocnn_r02,0.10,1.22
p25,p25_geocnn_r03,0.06,1.23
p25,p25_geocnn_r04,0.09,1.22
p25,p25_gpcc-octree-predlift_r02,0.86,1.22
p25,p25_gpcc-octree-predlift_r03,0.49,1.21
p25,p25_gpcc-octree-predlift_r04,0.18,1.22
p25,p25_gpcc-octree-predlift_r05,0.11,1.22
p25,p25_gpcc-octree-predlift_r06,0.07,1.22
p25,p25_gpcc-octree-raht_r02,0.87,1.21
p25,p25_gpcc-octree-raht_r03,0.57,1.21
p25,p25_gpcc-octree-raht_r04,0.25,1.22
p25,p25_gpcc-octree-raht_r05,0.12,1.22
p25,p25_gpcc-octree-raht_r06,0.05,1.23
p25,p25_vpcc_r00,0.74,1.20
p25,p25_vpcc_r01,0.59,1.21
p25,p25_vpcc_r02,0.41,1.21
p25,p25_vpcc_r03,0.17,1.22
p25,p25_vpcc_r04,0.09,1.22
p25,p25_vpcc_r05,0.08,1.22
p26,p26_geocnn_r01,0.37,1.21
p26,p26_geocnn_r02,0.30,1.22
p26,p26_geocnn_r03,0.24,1.22
p26,p26_geocnn_r04,0.18,1.22
p26,p26_gpcc-octree-predlift_r02,0.95,1.22
p26,p26_gpcc-octree-predlift_r03,0.59,1.21
p26,p26_gpcc-octree-predlift_r04,0.22,1.22
p26,p26_gpcc-octree-predlift_r05,0.13,1.21
p26,p26_gpcc-octree-predlift_r06,0.10,1.22
p26,p26_gpcc-octree-raht_r02,0.97,1.23
p26,p26_gpcc-octree-raht_r03,0.76,1.21
p26,p26_gpcc-octree-raht_r04,0.27,1.21
p26,p26_gpcc-octree-raht_r05,0.12,1.22
p26,p26_gpcc-octree-raht_r06,0.11,1.22
p26,p26_vpcc_r00,0.81,1.20
p26,p26_vpcc_r01,0.53,1.21
p26,p26_vpcc_r02,0.36,1.22
p26,p26_vpcc_r03,0.21,1.22
p26,p26_vpcc_r04,0.08,1.22
p26,p26_vpcc_r05,0.08,1.22
p27,p27_geocnn_r01,0.37,1.21
p27,p27_geocnn_r02,0.14,1.22
p27,p27_geocnn_r03,0.14,1.22
p27,p27_geocnn_r04,0.07,1.22
p27,p27_gpcc-octree-predlift_r02,0.91,1.22
p27,p27_gpcc-octree-predlift_r03,0.47,1.21
p27,p27_gpcc-octree-predlift_r04,0.15,1.22
p27,p27_gpcc-octree-predlift_r05,0.13,1.22
p27,p27_gpcc-octree-predlift_r06,0.11,1.21
p27,p27_gpcc-octree-raht_r02,0.95,1.22
p27,p27_gpcc-octree-raht_r03,0.54,1.21
p27,p27_gpcc-octree-raht_r04,0.28,1.21
p27,p27_gpcc-octree-raht_r05,0.08,1.22
p27,p27_gpcc-octree-raht_r06,0.09,1.22
p27,p27_vpcc_r00,0.57,1.21
p27,p27_vpcc_r01,0.41,1.21
p27,p27_vpcc_r02,0.27,1.21
p27,p27_vpcc_r03,0.16,1.21
p27,p27_vpcc_r04,0.11,1.22
p27,p27_vpcc_r05,0.10,1.22
p28,p28_geocnn_r01,0.25,1.21
p28,p28_geocnn_r02,0.15,1.22
p28,p28_geocnn_r03,0.11,1.22
p28,p28_geocnn_r04,0.07,1.22
p28,p28_gpcc-octree-predlift_r02,0.92,1.22
p28,p28_gpcc-octree-predlift_r03,0.45,1.21
p28,p28_gpcc-octree-predlift_r04,0.15,1.21
p28,p28_gpcc-octree-predlift_r05,0.07,1.22
p28,p28_gpcc-octree-predlift_r06,0.05,1.23
p28,p28_gpcc-octree-raht_r02,0.96,1.22
p28,p28_gpcc-octree-raht_r03,0.52,1.21
p28,p28_gpcc-octree-raht_r04,0.16,1.22
p28,p28_gpcc-octree-raht_r05,0.11,1.23
p28,p28_gpcc-octree-raht_r06,0.06,1.23
p28,p28_vpcc_r00,0.56,1.21
p28,p28_vpcc_r01,0.42,1.22
p28,p28_vpcc_r02,0.27,1.22
p28,p28_vpcc_r03,0.07,1.22
p28,p28_vpcc_r04,0.06,1.22
p28,p28_vpcc_r05,0.04,1.22
p29,p29_geocnn_r01,0.66,1.20
p29,p29_geocnn_r02,0.49,1.20
p29,p29_geocnn_r03,0.41,1.20
p29,p29_geocnn_r04,0.34,1.20
p29,p29_gpcc-octree-predlift_r02,0.82,1.21
p29,p29_gpcc-octree-predlift_r03,0.49,1.20
p29,p29_gpcc-octree-predlift_r04,0.15,1.22
p29,p29_gpcc-octree-predlift_r05,0.13,1.21
p29,p29_gpcc-octree-predlift_r06,0.14,1.21
p29,p29_gpcc-octree-raht_r02,0.85,1.20
p29,p29_gpcc-octree-raht_r03,0.46,1.21
p29,p29_gpcc-octree-raht_r04,0.17,1.22
p29,p29_gpcc-octree-raht_r05,0.17,1.21
p29,p29_gpcc-octree-raht_r06,0.15,1.22
p29,p29_vpcc_r00,0.50,1.20
p29,p29_vpcc_r01,0.39,1.21
p29,p29_vpcc_r02,0.30,1.22
p29,p29_vpcc_r03,0.23,1.21
p29,p29_vpcc_r04,0.24,1.21
p29,p29_vpcc_r05,0.20,1.21
p30,p30_geocnn_r01,0.58,1.21
p30,p30_geocnn_r02,0.36,1.21
p30,p30_geocnn_r03,0.30,1.20
p30,p30_geocnn_r04,0.19,1.21
p30,p30_gpcc-octree-predlift_r02,0.82,1.20
p30,p30_gpcc-octree-predlift_r03,0.49,1.20
p30,p30_gpcc-octree-predlift_r04,0.23,1.21
p30,p30_gpcc-octree-predlift_r05,0.21,1.21
p30,p30_gpcc-octree-predlift_r06,0.15,1.22
p30,p30_gpcc-octree-raht_r02,0.85,1.20
p30,p30_gpcc-octree-raht_r03,0.46,1.21
p30,p30_gpcc-octree-raht_r04,0.20,1.21
p30,p30_gpcc-octree-raht_r05,0.24,1.22
p30,p30_gpcc-octree-raht_r06,0.15,1.22
p30,p30_vpcc_r00,0.50,1.20
p30,p30_vpcc_r01,0.35,1.20
p30,p30_vpcc_r02,0.26,1.20
p30,p30_vpcc_r03,0.25,1.21
p30,p30_vpcc_r04,0.27,1.21
p30,p30_vpcc_r05,0.26,1.21
p31,p31_geocnn_r01,0.10,1.22
p31,p31_geocnn_r02,0.08,1.22
p31,p31_geocnn_r03,0.03,1.23
p31,p31_geocnn_r04,0.03,1.23
p31,p31_gpcc-octree-predlift_r02,0.89,1.22
p31,p31_gpcc-octree-predlift_r03,0.40,1.21
p31,p31_gpcc-octree-predlift_r04,0.16,1.22
p31,p31_gpcc-octree-predlift_r05,0.09,1.22
p31,p31_gpcc-octree-predlift_r06,0.07,1.22
p31,p31_gpcc-octree-raht_r02,0.93,1.22
p31,p31_gpcc-octree-raht_r03,0.60,1.22
p31,p31_gpcc-octree-raht_r04,0.18,1.22
p31,p31_gpcc-octree-raht_r05,0.08,1.22
p31,p31_gpcc-octree-raht_r06,0.06,1.23
p31,p31_vpcc_r00,0.82,1.21
p31,p31_vpcc_r01,0.55,1.21
p31,p31_vpcc_r02,0.29,1.22
p31,p31_vpcc_r03,0.12,1.22
p31,p31_vpcc_r04,0.09,1.22
p31,p31_vpcc_r05,0.02,1.23
p32,p32_gpcc-octree-predlift_r02,0.94,1.22
p32,p32_gpcc-octree-predlift_r03,0.51,1.21
p32,p32_gpcc-octree-predlift_r04,0.22,1.22
p32,p32_gpcc-octree-predlift_r05,0.21,1.22
p32,p32_gpcc-octree-predlift_r06,0.17,1.22
p32,p32_gpcc-octree-raht_r02,0.95,1.22
p32,p32_gpcc-octree-raht_r03,0.61,1.21
p32,p32_gpcc-octree-raht_r04,0.33,1.22
p32,p32_gpcc-octree-raht_r05,0.23,1.21
p32,p32_gpcc-octree-raht_r06,0.12,1.23
p32,p32_vpcc_r00,0.50,1.21
p32,p32_vpcc_r01,0.26,1.22
p32,p32_vpcc_r02,0.22,1.22
p32,p32_vpcc_r03,0.24,1.21
p32,p32_vpcc_r04,0.21,1.22
p32,p32_vpcc_r05,0.16,1.22
p33,p33_geocnn_r01,0.69,1.21
p33,p33_geocnn_r02,0.51,1.19
p33,p33_geocnn_r03,0.34,1.21
p33,p33_geocnn_r04,0.14,1.21
p33,p33_gpcc-octree-predlift_r02,0.90,1.21
p33,p33_gpcc-octree-predlift_r03,0.57,1.21
p33,p33_gpcc-octree-predlift_r04,0.27,1.21
p33,p33_gpcc-octree-predlift_r05,0.18,1.21
p33,p33_gpcc-octree-predlift_r06,0.16,1.22
p33,p33_gpcc-octree-raht_r02,0.86,1.21
p33,p33_gpcc-octree-raht_r03,0.62,1.21
p33,p33_gpcc-octree-raht_r04,0.35,1.22
p33,p33_gpcc-octree-raht_r05,0.26,1.22
p33,p33_gpcc-octree-raht_r06,0.17,1.21
p33,p33_vpcc_r00,0.80,1.21
p33,p33_vpcc_r01,0.77,1.21
p33,p33_vpcc_r02,0.63,1.21
p33,p33_vpcc_r03,0.62,1.20
p33,p33_vpcc_r04,0.59,1.20
p33,p33_vpcc_r05,0.43,1.21
p34,p34_geocnn_r01,0.28,1.20
p34,p34_geocnn_r02,0.11,1.22
p34,p34_geocnn_r03,0.14,1.22
p34,p34_geocnn_r04,0.11,1.21
p34,p34_gpcc-octree-predlift_r02,0.73,1.20
p34,p34_gpcc-octree-predlift_r03,0.36,1.21
p34,p34_gpcc-octree-predlift_r04,0.16,1.22
p34,p34_gpcc-octree-predlift_r05,0.07,1.22
p34,p34_gpcc-octree-predlift_r06,0.07,1.23
p34,p34_gpcc-octree-raht_r02,0.83,1.20
p34,p34_gpcc-octree-raht_r03,0.40,1.21
p34,p34_gpcc-octree-raht_r04,0.17,1.22
p34,p34_gpcc-octree-raht_r05,0.08,1.22
p34,p34_gpcc-octree-raht_r06,0.09,1.22
p34,p34_vpcc_r00,0.41,1.21
p34,p34_vpcc_r01,0.31,1.21
p34,p34_vpcc_r02,0.28,1.21
p34,p34_vpcc_r03,0.18,1.22
p34,p34_vpcc_r04,0.16,1.22
p34,p34_vpcc_r05,0.12,1.22
p35,p35_geocnn_r01,0.29,1.21
p35,p35_geocnn_r02,0.14,1.22
p35,p35_geocnn_r03,0.14,1.22
p35,p35_geocnn_r04,0.07,1.23
p35,p35_gpcc-octree-predlift_r02,0.92,1.21
p35,p35_gpcc-octree-predlift_r03,0.50,1.21
p35,p35_gpcc-octree-predlift_r04,0.19,1.22
p35,p35_gpcc-octree-predlift_r05,0.11,1.22
p35,p35_gpcc-octree-predlift_r06,0.07,1.23
p35,p35_gpcc-octree-raht_r02,0.91,1.21
p35,p35_gpcc-octree-raht_r03,0.69,1.20
p35,p35_gpcc-octree-raht_r04,0.21,1.21
p35,p35_gpcc-octree-raht_r05,0.07,1.22
p35,p35_gpcc-octree-raht_r06,0.06,1.23
p35,p35_vpcc_r00,0.78,1.21
p35,p35_vpcc_r01,0.55,1.21
p35,p35_vpcc_r02,0.37,1.21
p35,p35_vpcc_r03,0.31,1.21
p35,p35_vpcc_r04,0.21,1.21
p35,p35_vpcc_r05,0.09,1.23
p36,p36_geocnn_r01,0.39,1.20
p36,p36_geocnn_r02,0.19,1.21
p36,p36_geocnn_r03,0.12,1.21
p36,p36_geocnn_r04,0.09,1.22
p36,p36_gpcc-octree-predlift_r02,0.85,1.21
p36,p36_gpcc-octree-predlift_r03,0.24,1.20
p36,p36_gpcc-octree-predlift_r04,0.10,1.22
p36,p36_gpcc-octree-predlift_r05,0.09,1.22
p36,p36_gpcc-octree-predlift_r06,0.04,1.23
p36,p36_gpcc-octree-raht_r02,0.88,1.21
p36,p36_gpcc-octree-raht_r03,0.36,1.21
p36,p36_gpcc-octree-raht_r04,0.16,1.21
p36,p36_gpcc-octree-raht_r05,0.10,1.22
p36,p36_gpcc-octree-raht_r06,0.12,1.22
p36,p36_vpcc_r00,0.68,1.21
p36,p36_vpcc_r01,0.52,1.21
p36,p36_vpcc_r02,0.32,1.21
p36,p36_vpcc_r03,0.24,1.22
p36,p36_vpcc_r04,0.19,1.22
p36,p36_vpcc_r05,0.14,1.22
p37,p37_geocnn_r01,0.35,1.21
p37,p37_geocnn_r02,0.20,1.22
p37,p37_geocnn_r03,0.17,1.21
p37,p37_geocnn_r04,0.11,1.21
p37,p37_gpcc-octree-predlift_r02,0.94,1.21
p37,p37_gpcc-octree-predlift_r03,0.50,1.21
p37,p37_gpcc-octree-predlift_r04,0.19,1.22
p37,p37_gpcc-octree-predlift_r05,0.12,1.22
p37,p37_gpcc-octree-predlift_r06,0.08,1.22
p37,p37_gpcc-octree-raht_r02,0.97,1.21
p37,p37_gpcc-octree-raht_r03,0.52,1.20
p37,p37_gpcc-octree-raht_r04,0.24,1.21
p37,p37_gpcc-octree-raht_r05,0.13,1.21
p37,p37_gpcc-octree-raht_r06,0.09,1.22
p37,p37_vpcc_r00,0.61,1.21
p37,p37_vpcc_r01,0.38,1.21
p37,p37_vpcc_r02,0.30,1.22
p37,p37_vpcc_r03,0.13,1.22
p37,p37_vpcc_r04,0.17,1.22
p37,p37_vpcc_r05,0.11,1.21
p38,p38_geocnn_r01,0.68,1.20
p38,p38_geocnn_r02,0.45,1.20
p38,p38_geocnn_r03,0.34,1.21
p38,p38_geocnn_r04,0.30,1.22
p38,p38_gpcc-octree-predlift_r02,0.88,1.22
p38,p38_gpcc-octree-predlift_r03,0.57,1.21
p38,p38_gpcc-octree-predlift_r04,0.24,1.22
p38,p38_gpcc-octree-predlift_r05,0.10,1.23
p38,p38_gpcc-octree-predlift_r06,0.08,1.23
p38,p38_gpcc-octree-raht_r02,0.94,1.21
p38,p38_gpcc-octree-raht_r03,0.56,1.21
p38,p38_gpcc-octree-raht_r04,0.24,1.22
p38,p38_gpcc-octree-raht_r05,0.12,1.22
p38,p38_gpcc-octree-raht_r06,0.08,1.21
p38,p38_vpcc_r00,0.61,1.22
p38,p38_vpcc_r01,0.50,1.21
p38,p38_vpcc_r02,0.33,1.21
p38,p38_vpcc_r03,0.25,1.22
p38,p38_vpcc_r04,0.20,1.22
p38,p38_vpcc_r05,0.19,1.21
p39,p39_geocnn_r01,0.59,1.20
p39,p39_geocnn_r02,0.42,1.21
p39,p39_geocnn_r03,0.25,1.20
p39,p39_geocnn_r04,0.27,1.21
p39,p39_gpcc-octree-predlift_r02,0.88,1.21
p39,p39_gpcc-octree-predlift_r03,0.56,1.21
p39,p39_gpcc-octree-predlift_r04,0.17,1.21
p39,p39_gpcc-octree-predlift_r05,0.15,1.22
p39,p39_gpcc-octree-predlift_r06,0.11,1.22
p39,p39_gpcc-octree-raht_r02,0.88,1.20
p39,p39_gpcc-octree-raht_r03,0.54,1.20
p39,p39_gpcc-octree-raht_r04,0.24,1.21
p39,p39_gpcc-octree-raht_r05,0.40,1.18
p39,p39_gpcc-octree-raht_r06,0.14,1.22
p39,p39_vpcc_r00,0.78,1.21
p39,p39_vpcc_r01,0.58,1.20
p39,p39_vpcc_r02,0.51,1.20
p39,p39_vpcc_r03,0.40,1.21
p39,p39_vpcc_r04,0.35,1.20
p39,p39_vpcc_r05,0.25,1.21
p40,p40_geocnn_r01,0.19,1.22
p40,p40_geocnn_r02,0.12,1.22
p40,p40_geocnn_r03,0.09,1.22
p40,p40_geocnn_r04,0.10,1.22
p40,p40_gpcc-octree-predlift_r02,0.87,1.21
p40,p40_gpcc-octree-predlift_r03,0.48,1.21
p40,p40_gpcc-octree-predlift_r04,0.11,1.22
p40,p40_gpcc-octree-predlift_r05,0.07,1.22
p40,p40_gpcc-octree-predlift_r06,0.13,1.21
p40,p40_gpcc-octree-raht_r02,0.94,1.23
p40,p40_gpcc-octree-raht_r03,0.55,1.21
p40,p40_gpcc-octree-raht_r04,0.14,1.22
p40,p40_gpcc-octree-raht_r05,0.09,1.22
p40,p40_gpcc-octree-raht_r06,0.07,1.22
p40,p40_vpcc_r00,0.84,1.20
p40,p40_vpcc_r01,0.59,1.21
p40,p40_vpcc_r02,0.19,1.22
p40,p40_vpcc_r03,0.13,1.22
p40,p40_vpcc_r04,0.12,1.22
p40,p40_vpcc_r05,0.09,1.22
p41,p41_geocnn_r01,0.19,1.22
p41,p41_geocnn_r02,0.14,1.22
p41,p41_geocnn_r03,0.07,1.23
p41,p41_geocnn_r04,0.08,1.23
p41,p41_gpcc-octree-predlift_r02,0.89,1.22
p41,p41_gpcc-octree-predlift_r03,0.47,1.21
p41,p41_gpcc-octree-predlift_r04,0.15,1.22
p41,p41_gpcc-octree-predlift_r05,0.16,1.22
p41,p41_gpcc-octree-predlift_r06,0.04,1.23
p41,p41_gpcc-octree-raht_r02,0.91,1.22
p41,p41_gpcc-octree-raht_r03,0.54,1.21
p41,p41_gpcc-octree-raht_r04,0.15,1.22
p41,p41_gpcc-octree-raht_r05,0.10,1.22
p41,p41_gpcc-octree-raht_r06,0.06,1.23
p41,p41_vpcc_r00,0.71,1.20
p41,p41_vpcc_r01,0.48,1.21
p41,p41_vpcc_r02,0.26,1.22
p41,p41_vpcc_r03,0.16,1.22
p41,p41_vpcc_r04,0.12,1.22
p41,p41_vpcc_r05,0.13,1.22
p42,p42_geocnn_r01,0.24,1.22
p42,p42_geocnn_r02,0.17,1.21
p42,p42_geocnn_r03,0.15,1.22
p42,p42_geocnn_r04,0.07,1.23
p42,p42_gpcc-octree-predlift_r02,0.87,1.22
p42,p42_gpcc-octree-predlift_r03,0.47,1.21
p42,p42_gpcc-octree-predlift_r04,0.13,1.22
p42,p42_gpcc-octree-predlift_r05,0.06,1.23
p42,p42_gpcc-octree-predlift_r06,0.76,1.17
p42,p42_gpcc-octree-raht_r02,0.95,1.23
p42,p42_gpcc-octree-raht_r03,0.48,1.21
p42,p42_gpcc-octree-raht_r04,0.11,1.22
p42,p42_gpcc-octree-raht_r05,0.07,1.23
p42,p42_gpcc-octree-raht_r06,0.09,1.22
p42,p42_vpcc_r00,0.48,1.21
p42,p42_vpcc_r01,0.18,1.22
p42,p42_vpcc_r02,0.10,1.22
p42,p42_vpcc_r03,0.06,1.22
p42,p42_vpcc_r04,0.07,1.22
p42,p42_vpcc_r05,0.07,1.23
p43,p43_geocnn_r01,0.15,1.21
p43,p43_geocnn_r02,0.10,1.22
p43,p43_geocnn_r03,0.07,1.22
p43,p43_geocnn_r04,0.04,1.23
p43,p43_gpcc-octree-predlift_r02,0.73,1.21
p43,p43_gpcc-octree-predlift_r03,0.39,1.21
p43,p43_gpcc-octree-predlift_r04,0.22,1.21
p43,p43_gpcc-octree-predlift_r05,0.09,1.23
p43,p43_gpcc-octree-predlift_r06,0.08,1.22
p43,p43_gpcc-octree-raht_r02,0.89,1.22
p43,p43_gpcc-octree-raht_r03,0.36,1.21
p43,p43_gpcc-octree-raht_r04,0.19,1.22
p43,p43_gpcc-octree-raht_r05,0.10,1.22
p43,p43_gpcc-octree-raht_r06,0.07,1.23
p43,p43_vpcc_r00,0.58,1.21
p43,p43_vpcc_r01,0.35,1.21
p43,p43_vpcc_r02,0.26,1.21
p43,p43_vpcc_r03,0.15,1.21
p43,p43_vpcc_r04,0.08,1.22
p43,p43_vpcc_r05,0.08,1.22
p44,p44_geocnn_r01,0.29,1.21
p44,p44_geocnn_r02,0.18,1.21
p44,p44_geocnn_r03,0.17,1.22
p44,p44_geocnn_r04,0.11,1.22
p44,p44_gpcc-octree-predlift_r02,0.82,1.21
p44,p44_gpcc-octree-predlift_r03,0.44,1.21
p44,p44_gpcc-octree-predlift_r04,0.19,1.22
p44,p44_gpcc-octree-predlift_r05,0.08,1.23
p44,p44_gpcc-octree-predlift_r06,0.07,1.23
p44,p44_gpcc-octree-raht_r02,0.95,1.22
p44,p44_gpcc-octree-raht_r03,0.54,1.21
p44,p44_gpcc-octree-raht_r04,0.20,1.22
p44,p44_gpcc-octree-raht_r05,0.15,1.22
p44,p44_gpcc-octree-raht_r06,0.12,1.23
p44,p44_vpcc_r00,0.68,1.21
p44,p44_vpcc_r01,0.47,1.21
p44,p44_vpcc_r02,0.33,1.22
p44,p44_vpcc_r03,0.16,1.22
p44,p44_vpcc_r04,0.12,1.22
p44,p44_vpcc_r05,0.11,1.22
p45,p45_geocnn_r01,0.39,1.21
p45,p45_geocnn_r02,0.22,1.22
p45,p45_geocnn_r03,0.20,1.21
p45,p45_geocnn_r04,0.13,1.22
p45,p45_gpcc-octree-predlift_r02,0.90,1.22
p45,p45_gpcc-octree-predlift_r03,0.56,1.21
p45,p45_gpcc-octree-predlift_r04,0.22,1.21
p45,p45_gpcc-octree-predlift_r05,0.11,1.22
p45,p45_gpcc-octree-predlift_r06,0.27,1.18
p45,p45_gpcc-octree-raht_r02,0.93,1.22
p45,p45_gpcc-octree-raht_r03,0.60,1.21
p45,p45_gpcc-octree-raht_r04,0.17,1.22
p45,p45_gpcc-octree-raht_r05,0.08,1.23
p45,p45_gpcc-octree-raht_r06,0.09,1.22
p45,p45_vpcc_r00,0.65,1.21
p45,p45_vpcc_r01,0.35,1.21
p45,p45_vpcc_r02,0.14,1.22
p45,p45_vpcc_r03,0.12,1.22
p45,p45_vpcc_r04,0.13,1.21
p45,p45_vpcc_r05,0.10,1.22
p46,p46_geocnn_r01,0.21,1.22
p46,p46_geocnn_r02,0.15,1.21
p46,p46_geocnn_r03,0.10,1.23
p46,p46_geocnn_r04,0.11,1.22
p46,p46_gpcc-octree-predlift_r02,0.65,1.20
p46,p46_gpcc-octree-predlift_r03,0.36,1.21
p46,p46_gpcc-octree-predlift_r04,0.18,1.22
p46,p46_gpcc-octree-predlift_r05,0.15,1.22
p46,p46_gpcc-octree-predlift_r06,0.09,1.21
p46,p46_gpcc-octree-raht_r02,0.73,1.21
p46,p46_gpcc-octree-raht_r03,0.36,1.21
p46,p46_gpcc-octree-raht_r04,0.22,1.22
p46,p46_gpcc-octree-raht_r05,0.13,1.22
p46,p46_gpcc-octree-raht_r06,0.13,1.22
p46,p46_vpcc_r00,0.52,1.21
p46,p46_vpcc_r01,0.47,1.22
p46,p46_vpcc_r02,0.41,1.20
p46,p46_vpcc_r03,0.33,1.22
p46,p46_vpcc_r04,0.28,1.21
p46,p46_vpcc_r05,0.14,1.22
p47,p47_geocnn_r01,0.23,1.21
p47,p47_geocnn_r02,0.14,1.22
p47,p47_geocnn_r03,0.17,1.21
p47,p47_geocnn_r04,0.12,1.22
p47,p47_gpcc-octree-predlift_r02,0.96,1.22
p47,p47_gpcc-octree-predlift_r03,0.63,1.20
p47,p47_gpcc-octree-predlift_r04,0.22,1.22
p47,p47_gpcc-octree-predlift_r05,0.13,1.22
p47,p47_gpcc-octree-predlift_r06,0.08,1.23
p47,p47_gpcc-octree-raht_r02,0.96,1.22
p47,p47_gpcc-octree-raht_r03,0.73,1.20
p47,p47_gpcc-octree-raht_r04,0.35,1.21
p47,p47_gpcc-octree-raht_r05,0.17,1.21
p47,p47_gpcc-octree-raht_r06,0.11,1.22
p47,p47_vpcc_r00,0.95,1.22
p47,p47_vpcc_r01,0.77,1.21
p47,p47_vpcc_r02,0.54,1.21
p47,p47_vpcc_r03,0.27,1.21
p47,p47_vpcc_r04,0.11,1.22
p47,p47_vpcc_r05,0.11,1.22
p48,p48_geocnn_r01,0.26,1.21
p48,p48_geocnn_r02,0.15,1.22
p48,p48_geocnn_r03,0.13,1.22
p48,p48_geocnn_r04,0.09,1.22
p48,p48_gpcc-octree-predlift_r02,0.89,1.21
p48,p48_gpcc-octree-predlift_r03,0.37,1.21
p48,p48_gpcc-octree-predlift_r04,0.18,1.22
p48,p48_gpcc-octree-predlift_r05,0.12,1.22
p48,p48_gpcc-octree-predlift_r06,0.08,1.22
p48,p48_gpcc-octree-raht_r02,0.85,1.22
p48,p48_gpcc-octree-raht_r03,0.45,1.21
p48,p48_gpcc-octree-raht_r04,0.21,1.22
p48,p48_gpcc-octree-raht_r05,0.14,1.22
p48,p48_gpcc-octree-raht_r06,0.10,1.21
p48,p48_vpcc_r00,0.78,1.21
p48,p48_vpcc_r01,0.54,1.20
p48,p48_vpcc_r02,0.43,1.20
p48,p48_vpcc_r03,0.29,1.22
p48,p48_vpcc_r04,0.22,1.22
p48,p48_vpcc_r05,0.13,1.22
p49,p49_geocnn_r01,0.40,1.21
p49,p49_geocnn_r02,0.19,1.22
p49,p49_geocnn_r03,0.26,1.21
p49,p49_geocnn_r04,0.11,1.22
p49,p49_gpcc-octree-predlift_r02,0.90,1.22
p49,p49_gpcc-octree-predlift_r03,0.57,1.21
p49,p49_gpcc-octree-predlift_r04,0.28,1.22
p49,p49_gpcc-octree-predlift_r05,0.12,1.22
p49,p49_gpcc-octree-predlift_r06,0.11,1.22
p49,p49_gpcc-octree-raht_r02,0.90,1.20
p49,p49_gpcc-octree-raht_r03,0.60,1.21
p49,p49_gpcc-octree-raht_r04,0.32,1.21
p49,p49_gpcc-octree-raht_r05,0.16,1.21
p49,p49_gpcc-octree-raht_r06,0.14,1.22
p49,p49_vpcc_r00,0.78,1.21
p49,p49_vpcc_r01,0.56,1.21
p49,p49_vpcc_r02,0.33,1.21
p49,p49_vpcc_r03,0.21,1.22
p49,p49_vpcc_r04,0.12,1.22
p49,p49_vpcc_r05,0.14,1.20
p50,p50_geocnn_r01,0.15,1.22
p50,p50_geocnn_r02,0.11,1.22
p50,p50_geocnn_r03,0.11,1.22
p50,p50_geocnn_r04,0.05,1.23
p50,p50_gpcc-octree-predlift_r02,0.81,1.20
p50,p50_gpcc-octree-predlift_r03,0.45,1.21
p50,p50_gpcc-octree-predlift_r04,0.26,1.22
p50,p50_gpcc-octree-predlift_r05,0.17,1.22
p50,p50_gpcc-octree-predlift_r06,0.09,1.22
p50,p50_gpcc-octree-raht_r02,0.90,1.22
p50,p50_gpcc-octree-raht_r03,0.58,1.21
p50,p50_gpcc-octree-raht_r04,0.27,1.21
p50,p50_gpcc-octree-raht_r05,0.17,1.21
p50,p50_gpcc-octree-raht_r06,0.10,1.22
p50,p50_vpcc_r00,0.78,1.20
p50,p50_vpcc_r01,0.55,1.21
p50,p50_vpcc_r02,0.37,1.21
p50,p50_vpcc_r03,0.20,1.22
p50,p50_vpcc_r04,0.12,1.22
p50,p50_vpcc_r05,0.10,1.22
p51,p51_geocnn_r01,0.37,1.21
p51,p51_geocnn_r02,0.26,1.21
p51,p51_geocnn_r03,0.20,1.22
p51,p51_geocnn_r04,0.16,1.22
p51,p51_gpcc-octree-predlift_r02,0.91,1.22
p51,p51_gpcc-octree-predlift_r03,0.50,1.21
p51,p51_gpcc-octree-predlift_r04,0.25,1.21
p51,p51_gpcc-octree-predlift_r05,0.21,1.21
p51,p51_gpcc-octree-predlift_r06,0.11,1.22
p51,p51_gpcc-octree-raht_r02,0.90,1.22
p51,p51_gpcc-octree-raht_r03,0.51,1.21
p51,p51_gpcc-octree-raht_r04,0.24,1.21
p51,p51_gpcc-octree-raht_r05,0.17,1.21
p51,p51_gpcc-octree-raht_r06,0.11,1.22
p51,p51_vpcc_r00,0.78,1.20
p51,p51_vpcc_r01,0.49,1.21
p51,p51_vpcc_r02,0.38,1.20
p51,p51_vpcc_r03,0.23,1.21
p51,p51_vpcc_r04,0.20,1.21
p51,p51_vpcc_r05,0.13,1.22
p52,p52_geocnn_r01,0.36,1.22
p52,p52_geocnn_r02,0.18,1.22
p52,p52_geocnn_r03,0.14,1.22
p52,p52_geocnn_r04,0.14,1.22
p52,p52_gpcc-octree-predlift_r02,0.92,1.21
p52,p52_gpcc-octree-predlift_r03,0.50,1.21
p52,p52_gpcc-octree-predlift_r04,0.17,1.22
p52,p52_gpcc-octree-predlift_r05,0.08,1.22
p52,p52_gpcc-octree-predlift_r06,0.08,1.22
p52,p52_gpcc-octree-raht_r02,0.89,1.22
p52,p52_gpcc-octree-raht_r03,0.58,1.21
p52,p52_gpcc-octree-raht_r04,0.23,1.22
p52,p52_gpcc-octree-raht_r05,0.09,1.23
p52,p52_gpcc-octree-raht_r06,0.07,1.22
p52,p52_vpcc_r00,0.68,1.21
p52,p52_vpcc_r01,0.55,1.22
p52,p52_vpcc_r02,0.34,1.22
p52,p52_vpcc_r03,0.22,1.22
p52,p52_vpcc_r04,0.10,1.22
p52,p52_vpcc_r05,0.09,1.22
p53,p53_geocnn_r01,0.27,1.21
p53,p53_geocnn_r02,0.14,1.22
p53,p53_geocnn_r03,0.09,1.22
p53,p53_geocnn_r04,0.14,1.22
p53,p53_gpcc-octree-predlift_r02,0.90,1.21
p53,p53_gpcc-octree-predlift_r03,0.54,1.20
p53,p53_gpcc-octree-predlift_r04,0.16,1.21
p53,p53_gpcc-octree-predlift_r05,0.14,1.21
p53,p53_gpcc-octree-predlift_r06,0.08,1.22
p53,p53_gpcc-octree-raht_r02,0.96,1.22
p53,p53_gpcc-octree-raht_r03,0.64,1.21
p53,p53_gpcc-octree-raht_r04,0.23,1.22
p53,p53_gpcc-octree-raht_r05,0.10,1.22
p53,p53_gpcc-octree-raht_r06,0.10,1.23
p53,p53_vpcc_r00,0.78,1.21
p53,p53_vpcc_r01,0.56,1.21
p53,p53_vpcc_r02,0.26,1.21
p53,p53_vpcc_r03,0.14,1.22
p53,p53_vpcc_r04,0.12,1.22
p53,p53_vpcc_r05,0.09,1.23
p54,p54_geocnn_r01,0.59,1.21
p54,p54_geocnn_r02,0.37,1.21
p54,p54_geocnn_r03,0.25,1.21
p54,p54_geocnn_r04,0.20,1.21
p54,p54_gpcc-octree-predlift_r02,0.94,1.22
p54,p54_gpcc-octree-predlift_r03,0.50,1.21
p54,p54_gpcc-octree-predlift_r04,0.17,1.21
p54,p54_gpcc-octree-predlift_r05,0.16,1.21
p54,p54_gpcc-octree-predlift_r06,0.11,1.21
p54,p54_gpcc-octree-raht_r02,0.91,1.21
p54,p54_gpcc-octree-raht_r03,0.47,1.20
p54,p54_gpcc-octree-raht_r04,0.21,1.22
p54,p54_gpcc-octree-raht_r05,0.15,1.21
p54,p54_gpcc-octree-raht_r06,0.13,1.22
p54,p54_vpcc_r00,0.58,1.21
p54,p54_vpcc_r01,0.41,1.21
p54,p54_vpcc_r02,0.22,1.21
p54,p54_vpcc_r03,0.13,1.22
p54,p54_vpcc_r04,0.13,1.22
p54,p54_vpcc_r05,0.16,1.22
p55,p55_geocnn_r01,0.30,1.21
p55,p55_geocnn_r02,0.22,1.21
p55,p55_geocnn_r03,0.08,1.22
p55,p55_geocnn_r04,0.08,1.22
p55,p55_gpcc-octree-predlift_r02,0.88,1.21
p55,p55_gpcc-octree-predlift_r03,0.39,1.22
p55,p55_gpcc-octree-predlift_r04,0.15,1.22
p55,p55_gpcc-octree-predlift_r05,0.08,1.22
p55,p55_gpcc-octree-predlift_r06,0.10,1.21
p55,p55_gpcc-octree-raht_r02,0.91,1.21
p55,p55_gpcc-octree-raht_r03,0.45,1.21
p55,p55_gpcc-octree-raht_r04,0.18,1.21
p55,p55_gpcc-octree-raht_r05,0.08,1.22
p55,p55_gpcc-octree-raht_r06,0.08,1.22
p55,p55_vpcc_r00,0.52,1.21
p55,p55_vpcc_r01,0.34,1.21
p55,p55_vpcc_r02,0.16,1.22
p55,p55_vpcc_r03,0.11,1.22
p55,p55_vpcc_r04,0.06,1.22
p55,p55_vpcc_r05,0.10,1.22
p56,p56_geocnn_r01,0.51,1.20
p56,p56_geocnn_r02,0.20,1.21
p56,p56_geocnn_r03,0.09,1.22
p56,p56_geocnn_r04,0.12,1.21
p56,p56_gpcc-octree-predlift_r02,0.95,1.22
p56,p56_gpcc-octree-predlift_r03,0.48,1.20
p56,p56_gpcc-octree-predlift_r04,0.16,1.21
p56,p56_gpcc-octree-predlift_r05,0.10,1.21
p56,p56_gpcc-octree-predlift_r06,0.05,1.22
p56,p56_gpcc-octree-raht_r02,0.90,1.22
p56,p56_gpcc-octree-raht_r03,0.44,1.21
p56,p56_gpcc-octree-raht_r04,0.10,1.22
p56,p56_gpcc-octree-raht_r05,0.08,1.22
p56,p56_gpcc-octree-raht_r06,0.07,1.22
p56,p56_vpcc_r00,0.84,1.21
p56,p56_vpcc_r01,0.65,1.20
p56,p56_vpcc_r02,0.53,1.20
p56,p56_vpcc_r03,0.40,1.20
p56,p56_vpcc_r04,0.28,1.20
p56,p56_vpcc_r05,0.17,1.21
p57,p57_geocnn_r01,0.50,1.21
p57,p57_geocnn_r02,0.28,1.20
p57,p57_geocnn_r03,0.14,1.22
p57,p57_geocnn_r04,0.18,1.20
p57,p57_gpcc-octree-predlift_r02,0.92,1.22
p57,p57_gpcc-octree-predlift_r03,0.59,1.19
p57,p57_gpcc-octree-predlift_r04,0.22,1.22
p57,p57_gpcc-octree-predlift_r05,0.14,1.21
p57,p57_gpcc-octree-predlift_r06,0.19,1.21
p57,p57_gpcc-octree-raht_r02,0.92,1.22
p57,p57_gpcc-octree-raht_r03,0.54,1.21
p57,p57_gpcc-octree-raht_r04,0.22,1.21
p57,p57_gpcc-octree-raht_r05,0.20,1.21
p57,p57_gpcc-octree-raht_r06,0.16,1.21
p57,p57_vpcc_r00,0.65,1.21
p57,p57_vpcc_r01,0.46,1.21
p57,p57_vpcc_r02,0.27,1.21
p57,p57_vpcc_r03,0.22,1.21
p57,p57_vpcc_r04,0.17,1.21
p57,p57_vpcc_r05,0.16,1.21
p58,p58_geocnn_r01,0.57,1.21
p58,p58_geocnn_r02,0.41,1.20
p58,p58_geocnn_r03,0.28,1.21
p58,p58_geocnn_r04,0.33,1.21
p58,p58_gpcc-octree-predlift_r02,0.93,1.21
p58,p58_gpcc-octree-predlift_r03,0.55,1.21
p58,p58_gpcc-octree-predlift_r04,0.22,1.22
p58,p58_gpcc-octree-predlift_r05,0.11,1.22
p58,p58_gpcc-octree-predlift_r06,0.11,1.22
p58,p58_gpcc-octree-raht_r02,0.84,1.20
p58,p58_gpcc-octree-raht_r03,0.52,1.21
p58,p58_gpcc-octree-raht_r04,0.24,1.21
p58,p58_gpcc-octree-raht_r05,0.16,1.22
p58,p58_gpcc-octree-raht_r06,0.15,1.22
p58,p58_vpcc_r00,0.58,1.21
p58,p58_vpcc_r01,0.44,1.21
p58,p58_vpcc_r02,0.26,1.21
p58,p58_vpcc_r03,0.20,1.22
p58,p58_vpcc_r04,0.20,1.21
p58,p58_vpcc_r05,0.18,1.21
p59,p59_geocnn_r01,0.49,1.21
p59,p59_geocnn_r02,0.27,1.21
p59,p59_geocnn_r03,0.32,1.21
p59,p59_geocnn_r04,0.28,1.20
p59,p59_gpcc-octree-predlift_r02,0.93,1.22
p59,p59_gpcc-octree-predlift_r03,0.61,1.21
p59,p59_gpcc-octree-predlift_r04,0.31,1.22
p59,p59_gpcc-octree-predlift_r05,0.19,1.21
p59,p59_gpcc-octree-predlift_r06,0.16,1.21
p59,p59_gpcc-octree-raht_r02,0.92,1.21
p59,p59_gpcc-octree-raht_r03,0.66,1.21
p59,p59_gpcc-octree-raht_r04,0.36,1.21
p59,p59_gpcc-octree-raht_r05,0.19,1.21
p59,p59_gpcc-octree-raht_r06,0.20,1.22
p59,p59_vpcc_r00,0.72,1.20
p59,p59_vpcc_r01,0.57,1.21
p59,p59_vpcc_r02,0.46,1.21
p59,p59_vpcc_r03,0.25,1.21
p59,p59_vpcc_r04,0.23,1.21
p59,p59_vpcc_r05,0.20,1.22
p60,p60_geocnn_r01,0.51,1.21
p60,p60_geocnn_r02,0.35,1.21
p60,p60_geocnn_r03,0.31,1.21
p60,p60_geocnn_r04,0.25,1.20
p60,p60_gpcc-octree-predlift_r02,0.84,1.21
p60,p60_gpcc-octree-predlift_r03,0.53,1.21
p60,p60_gpcc-octree-predlift_r04,0.15,1.22
p60,p60_gpcc-octree-predlift_r05,0.16,1.21
p60,p60_gpcc-octree-predlift_r06,0.09,1.22
p60,p60_gpcc-octree-raht_r02,0.87,1.20
p60,p60_gpcc-octree-raht_r03,0.56,1.21
p60,p60_gpcc-octree-raht_r04,0.22,1.22
p60,p60_gpcc-octree-raht_r05,0.14,1.22
p60,p60_gpcc-octree-raht_r06,0.12,1.22
p60,p60_vpcc_r00,0.61,1.21
p60,p60_vpcc_r01,0.36,1.21
p60,p60_vpcc_r02,0.19,1.22
p60,p60_vpcc_r03,0.16,1.22
p60,p60_vpcc_r04,0.10,1.22
p60,p60_vpcc_r05,0.08,1.22
p61,p61_geocnn_r01,0.34,1.21
p61,p61_geocnn_r02,0.40,1.21
p61,p61_geocnn_r03,0.30,1.21
p61,p61_geocnn_r04,0.24,1.21
p61,p61_gpcc-octree-predlift_r02,0.88,1.21
p61,p61_gpcc-octree-predlift_r03,0.54,1.21
p61,p61_gpcc-octree-predlift_r04,0.16,1.21
p61,p61_gpcc-octree-predlift_r05,0.12,1.22
p61,p61_gpcc-octree-predlift_r06,0.14,1.22
p61,p61_gpcc-octree-raht_r02,0.93,1.21
p61,p61_gpcc-octree-raht_r03,0.54,1.20
p61,p61_gpcc-octree-raht_r04,0.14,1.22
p61,p61_gpcc-octree-raht_r05,0.14,1.22
p61,p61_gpcc-octree-raht_r06,0.12,1.22
p61,p61_vpcc_r00,0.61,1.20
p61,p61_vpcc_r01,0.35,1.21
p61,p61_vpcc_r02,0.19,1.22
p61,p61_vpcc_r03,0.15,1.22
p61,p61_vpcc_r04,0.21,1.21
p61,p61_vpcc_r05,0.08,1.23
p62,p62_geocnn_r01,0.54,1.21
p62,p62_geocnn_r02,0.38,1.22
p62,p62_geocnn_r03,0.28,1.21
p62,p62_geocnn_r04,0.26,1.21
p62,p62_gpcc-octree-predlift_r02,0.92,1.21
p62,p62_gpcc-octree-predlift_r03,0.58,1.21
p62,p62_gpcc-octree-predlift_r04,0.19,1.22
p62,p62_gpcc-octree-predlift_r05,0.17,1.22
p62,p62_gpcc-octree-predlift_r06,0.15,1.21
p62,p62_gpcc-octree-raht_r02,0.96,1.21
p62,p62_gpcc-octree-raht_r03,0.60,1.20
p62,p62_gpcc-octree-raht_r04,0.24,1.21
p62,p62_gpcc-octree-raht_r05,0.16,1.22
p62,p62_gpcc-octree-raht_r06,0.11,1.22
p62,p62_vpcc_r00,0.69,1.21
p62,p62_vpcc_r01,0.56,1.21
p62,p62_vpcc_r02,0.32,1.21
p62,p62_vpcc_r03,0.21,1.22
p62,p62_vpcc_r04,0.14,1.22
p62,p62_vpcc_r05,0.16,1.21
p63,p63_geocnn_r01,0.19,1.21
p63,p63_geocnn_r02,0.10,1.22
p63,p63_geocnn_r03,0.09,1.22
p63,p63_geocnn_r04,0.08,1.22
p63,p63_gpcc-octree-predlift_r02,0.90,1.21
p63,p63_gpcc-octree-predlift_r03,0.52,1.21
p63,p63_gpcc-octree-predlift_r04,0.16,1.22
p63,p63_gpcc-octree-predlift_r05,0.11,1.22
p63,p63_gpcc-octree-predlift_r06,0.09,1.22
p63,p63_gpcc-octree-raht_r02,0.93,1.21
p63,p63_gpcc-octree-raht_r03,0.65,1.21
p63,p63_gpcc-octree-raht_r04,0.27,1.22
p63,p63_gpcc-octree-raht_r05,0.07,1.23
p63,p63_gpcc-octree-raht_r06,0.09,1.22
p63,p63_vpcc_r00,0.77,1.20
p63,p63_vpcc_r01,0.66,1.20
p63,p63_vpcc_r02,0.51,1.21
p63,p63_vpcc_r03,0.20,1.22
p63,p63_vpcc_r04,0.08,1.22
p63,p63_vpcc_r05,0.08,1.21
p64,p64_geocnn_r01,0.31,1.21
p64,p64_geocnn_r02,0.14,1.21
p64,p64_geocnn_r03,0.11,1.22
p64,p64_geocnn_r04,0.10,1.22
p64,p64_gpcc-octree-predlift_r02,0.89,1.21
p64,p64_gpcc-octree-predlift_r03,0.48,1.21
p64,p64_gpcc-octree-predlift_r04,0.13,1.22
p64,p64_gpcc-octree-predlift_r05,0.13,1.22
p64,p64_gpcc-octree-predlift_r06,0.11,1.21
p64,p64_gpcc-octree-raht_r02,0.93,1.21
p64,p64_gpcc-octree-raht_r03,0.47,1.22
p64,p64_gpcc-octree-raht_r04,0.17,1.22
p64,p64_gpcc-octree-raht_r05,0.09,1.22
p64,p64_gpcc-octree-raht_r06,0.07,1.22
p64,p64_vpcc_r00,0.58,1.21
p64,p64_vpcc_r01,0.35,1.21
p64,p64_vpcc_r02,0.19,1.22
p64,p64_vpcc_r03,0.11,1.22
p64,p64_vpcc_r04,0.12,1.22
p64,p64_vpcc_r05,0.07,1.22
p65,p65_geocnn_r01,0.34,1.20
p65,p65_geocnn_r02,0.19,1.21
p65,p65_geocnn_r03,0.10,1.22
p65,p65_geocnn_r04,0.14,1.21
p65,p65_gpcc-octree-predlift_r02,0.92,1.22
p65,p65_gpcc-octree-predlift_r03,0.60,1.20
p65,p65_gpcc-octree-predlift_r04,0.24,1.21
p65,p65_gpcc-octree-predlift_r05,0.19,1.21
p65,p65_gpcc-octree-predlift_r06,0.15,1.21
p65,p65_gpcc-octree-raht_r02,0.97,1.22
p65,p65_gpcc-octree-raht_r03,0.66,1.21
p65,p65_gpcc-octree-raht_r04,0.25,1.21
p65,p65_gpcc-octree-raht_r05,0.16,1.21
p65,p65_gpcc-octree-raht_r06,0.13,1.21
p65,p65_vpcc_r00,0.81,1.21
p65,p65_vpcc_r01,0.54,1.20
p65,p65_vpcc_r02,0.35,1.20
p65,p65_vpcc_r03,0.18,1.22
p65,p65_vpcc_r04,0.15,1.22
p65,p65_vpcc_r05,0.13,1.22
p66,p66_geocnn_r01,0.43,1.21
p66,p66_geocnn_r02,0.19,1.21
p66,p66_geocnn_r03,0.16,1.21
p66,p66_geocnn_r04,0.13,1.22
p66,p66_gpcc-octree-predlift_r02,0.93,1.22
p66,p66_gpcc-octree-predlift_r03,0.47,1.21
p66,p66_gpcc-octree-predlift_r04,0.18,1.22
p66,p66_gpcc-octree-predlift_r05,0.09,1.23
p66,p66_gpcc-octree-predlift_r06,0.07,1.22
p66,p66_gpcc-octree-raht_r02,0.92,1.22
p66,p66_gpcc-octree-raht_r03,0.56,1.21
p66,p66_gpcc-octree-raht_r04,0.24,1.22
p66,p66_gpcc-octree-raht_r05,0.13,1.22
p66,p66_gpcc-octree-raht_r06,0.08,1.22
p66,p66_vpcc_r00,0.83,1.21
p66,p66_vpcc_r01,0.56,1.21
p66,p66_vpcc_r02,0.38,1.21
p66,p66_vpcc_r03,0.24,1.22
p66,p66_vpcc_r04,0.19,1.22
p66,p66_vpcc_r05,0.16,1.21
p67,p67_geocnn_r01,0.53,1.21
p67,p67_geocnn_r02,0.29,1.21
p67,p67_geocnn_r03,0.23,1.22
p67,p67_geocnn_r04,0.18,1.21
p67,p67_gpcc-octree-predlift_r02,0.90,1.21
p67,p67_gpcc-octree-predlift_r03,0.49,1.21
p67,p67_gpcc-octree-predlift_r04,0.11,1.22
p67,p67_gpcc-octree-predlift_r05,0.13,1.22
p67,p67_gpcc-octree-predlift_r06,0.13,1.22
p67,p67_gpcc-octree-raht_r02,0.96,1.21
p67,p67_gpcc-octree-raht_r03,0.51,1.21
p67,p67_gpcc-octree-raht_r04,0.18,1.22
p67,p67_gpcc-octree-raht_r05,0.12,1.22
p67,p67_gpcc-octree-raht_r06,0.08,1.22
p67,p67_vpcc_r00,0.65,1.21
p67,p67_vpcc_r01,0.39,1.21
p67,p67_vpcc_r02,0.27,1.21
p67,p67_vpcc_r03,0.16,1.21
p67,p67_vpcc_r04,0.13,1.22
p67,p67_vpcc_r05,0.13,1.22
p68,p68_geocnn_r03,0.13,1.22
p68,p68_geocnn_r04,0.09,1.22
p68,p68_gpcc-octree-predlift_r02,0.93,1.22
p68,p68_gpcc-octree-predlift_r03,0.44,1.21
p68,p68_gpcc-octree-predlift_r04,0.16,1.21
p68,p68_gpcc-octree-predlift_r05,0.16,1.21
p68,p68_gpcc-octree-predlift_r06,0.10,1.22
p68,p68_gpcc-octree-raht_r02,0.97,1.23
p68,p68_gpcc-octree-raht_r03,0.36,1.20
p68,p68_gpcc-octree-raht_r04,0.14,1.22
p68,p68_gpcc-octree-raht_r05,0.09,1.22
p68,p68_gpcc-octree-raht_r06,0.08,1.23
p68,p68_vpcc_r00,0.74,1.21
p68,p68_vpcc_r01,0.40,1.20
p68,p68_vpcc_r02,0.24,1.21
p68,p68_vpcc_r03,0.19,1.21
p68,p68_vpcc_r04,0.13,1.22
p68,p68_vpcc_r05,0.11,1.21
p69,p69_geocnn_r01,0.29,1.21
p69,p69_geocnn_r02,0.21,1.21
p69,p69_geocnn_r03,0.19,1.21
p69,p69_geocnn_r04,0.08,1.22
p69,p69_gpcc-octree-predlift_r02,0.90,1.21
p69,p69_gpcc-octree-predlift_r03,0.45,1.20
p69,p69_gpcc-octree-predlift_r04,0.19,1.21
p69,p69_gpcc-octree-predlift_r05,0.11,1.22
p69,p69_gpcc-octree-predlift_r06,0.09,1.22
p69,p69_gpcc-octree-raht_r02,0.89,1.20
p69,p69_gpcc-octree-raht_r03,0.62,1.20
p69,p69_gpcc-octree-raht_r04,0.25,1.21
p69,p69_gpcc-octree-raht_r05,0.07,1.23
p69,p69_gpcc-octree-raht_r06,0.09,1.22
p69,p69_vpcc_r00,0.71,1.20
p69,p69_vpcc_r01,0.56,1.21
p69,p69_vpcc_r02,0.41,1.21
p69,p69_vpcc_r03,0.22,1.21
p69,p69_vpcc_r04,0.11,1.22
p69,p69_vpcc_r05,0.13,1.22
p70,p70_geocnn_r01,0.28,1.21
p70,p70_geocnn_r02,0.14,1.22
p70,p70_geocnn_r03,0.13,1.22
p70,p70_geocnn_r04,0.18,1.21
p70,p70_gpcc-octree-predlift_r02,0.95,1.23
p70,p70_gpcc-octree-predlift_r03,0.59,1.21
p70,p70_gpcc-octree-predlift_r04,0.20,1.21
p70,p70_gpcc-octree-predlift_r05,0.13,1.22
p70,p70_gpcc-octree-predlift_r06,0.13,1.21
p70,p70_gpcc-octree-raht_r02,0.95,1.21
p70,p70_gpcc-octree-raht_r03,0.66,1.21
p70,p70_gpcc-octree-raht_r04,0.21,1.22
p70,p70_gpcc-octree-raht_r05,0.13,1.22
p70,p70_gpcc-octree-raht_r06,0.14,1.21
p70,p70_vpcc_r00,0.85,1.21
p70,p70_vpcc_r01,0.64,1.21
p70,p70_vpcc_r02,0.43,1.21
p70,p70_vpcc_r03,0.22,1.22
p70,p70_vpcc_r04,0.16,1.22
p70,p70_vpcc_r05,0.16,1.22
p71,p71_geocnn_r01,0.39,1.21
p71,p71_geocnn_r02,0.13,1.22
p71,p71_geocnn_r03,0.13,1.22
p71,p71_geocnn_r04,0.12,1.21
p71,p71_gpcc-octree-predlift_r02,0.89,1.20
p71,p71_gpcc-octree-predlift_r03,0.46,1.21
p71,p71_gpcc-octree-predlift_r04,0.18,1.21
p71,p71_gpcc-octree-predlift_r05,0.09,1.23
p71,p71_gpcc-octree-predlift_r06,0.09,1.22
p71,p71_gpcc-octree-raht_r02,0.95,1.22
p71,p71_gpcc-octree-raht_r03,0.53,1.21
p71,p71_gpcc-octree-raht_r04,0.21,1.21
p71,p71_gpcc-octree-raht_r05,0.09,1.22
p71,p71_gpcc-octree-raht_r06,0.12,1.22
p71,p71_vpcc_r00,0.74,1.20
p71,p71_vpcc_r01,0.62,1.20
p71,p71_vpcc_r02,0.39,1.21
p71,p71_vpcc_r03,0.38,1.21
p71,p71_vpcc_r04,0.28,1.20
p71,p71_vpcc_r05,0.24,1.21
p72,p72_geocnn_r01,0.48,1.21
p72,p72_geocnn_r02,0.38,1.20
p72,p72_geocnn_r03,0.34,1.20
p72,p72_geocnn_r04,0.25,1.21
p72,p72_gpcc-octree-predlift_r02,0.94,1.22
p72,p72_gpcc-octree-predlift_r03,0.60,1.21
p72,p72_gpcc-octree-predlift_r04,0.22,1.22
p72,p72_gpcc-octree-predlift_r05,0.19,1.22
p72,p72_gpcc-octree-predlift_r06,0.12,1.21
p72,p72_gpcc-octree-raht_r02,0.95,1.21
p72,p72_gpcc-octree-raht_r03,0.59,1.21
p72,p72_gpcc-octree-raht_r04,0.28,1.21
p72,p72_gpcc-octree-raht_r05,0.19,1.21
p72,p72_gpcc-octree-raht_r06,0.14,1.20
p72,p72_vpcc_r00,0.79,1.21
p72,p72_vpcc_r01,0.60,1.20
p72,p72_vpcc_r02,0.40,1.21
p72,p72_vpcc_r03,0.32,1.21
p72,p72_vpcc_r04,0.23,1.21
p72,p72_vpcc_r05,0.16,1.22
p73,p73_geocnn_r01,0.34,1.21
p73,p73_geocnn_r02,0.28,1.21
p73,p73_geocnn_r03,0.15,1.21
p73,p73_geocnn_r04,0.11,1.21
p73,p73_gpcc-octree-predlift_r02,0.89,1.21
p73,p73_gpcc-octree-predlift_r03,0.43,1.21
p73,p73_gpcc-octree-predlift_r04,0.17,1.21
p73,p73_gpcc-octree-predlift_r05,0.11,1.22
p73,p73_gpcc-octree-predlift_r06,0.11,1.22
p73,p73_gpcc-octree-raht_r02,0.92,1.21
p73,p73_gpcc-octree-raht_r03,0.42,1.21
p73,p73_gpcc-octree-raht_r04,0.17,1.22
p73,p73_gpcc-octree-raht_r05,0.11,1.22
p73,p73_gpcc-octree-raht_r06,0.11,1.22
p73,p73_vpcc_r00,0.59,1.21
p73,p73_vpcc_r01,0.36,1.21
p73,p73_vpcc_r02,0.23,1.21
p73,p73_vpcc_r03,0.18,1.22
p73,p73_vpcc_r04,0.11,1.22
p73,p73_vpcc_r05,0.10,1.21
p74,p74_geocnn_r01,0.77,1.21
p74,p74_geocnn_r02,0.37,1.21
p74,p74_geocnn_r03,0.30,1.21
p74,p74_geocnn_r04,0.31,1.20
p74,p74_gpcc-octree-predlift_r02,0.96,1.22
p74,p74_gpcc-octree-predlift_r03,0.70,1.21
p74,p74_gpcc-octree-predlift_r04,0.32,1.21
p74,p74_gpcc-octree-predlift_r05,0.24,1.20
p74,p74_gpcc-octree-predlift_r06,0.21,1.21
p74,p74_gpcc-octree-raht_r02,0.94,1.22
p74,p74_gpcc-octree-raht_r03,0.70,1.21
p74,p74_gpcc-octree-raht_r04,0.30,1.20
p74,p74_gpcc-octree-raht_r05,0.23,1.21
p74,p74_gpcc-octree-raht_r06,0.24,1.21
p74,p74_vpcc_r00,0.66,1.21
p74,p74_vpcc_r01,0.47,1.21
p74,p74_vpcc_r02,0.25,1.21
p74,p74_vpcc_r03,0.23,1.21
p74,p74_vpcc_r04,0.25,1.21
p74,p74_vpcc_r05,0.20,1.21
p75,p75_geocnn_r01,0.62,1.21
p75,p75_geocnn_r02,0.41,1.20
p75,p75_geocnn_r03,0.37,1.21
p75,p75_geocnn_r04,0.24,1.21
p75,p75_gpcc-octree-predlift_r02,0.92,1.21
p75,p75_gpcc-octree-predlift_r03,0.52,1.21
p75,p75_gpcc-octree-predlift_r04,0.21,1.20
p75,p75_gpcc-octree-predlift_r05,0.15,1.22
p75,p75_gpcc-octree-predlift_r06,0.20,1.21
p75,p75_gpcc-octree-raht_r02,0.92,1.20
p75,p75_gpcc-octree-raht_r03,0.60,1.20
p75,p75_gpcc-octree-raht_r04,0.19,1.21
p75,p75_gpcc-octree-raht_r05,0.16,1.21
p75,p75_gpcc-octree-raht_r06,0.22,1.21
p75,p75_vpcc_r00,0.75,1.20
p75,p75_vpcc_r01,0.42,1.21
p75,p75_vpcc_r02,0.34,1.21
p75,p75_vpcc_r03,0.25,1.21
p75,p75_vpcc_r04,0.26,1.20
p75,p75_vpcc_r05,0.31,1.21
